config_id,model,seed,checkpoint,beta,trigger,aggregator,n_p,tau,experiment,metric,value
a04ee5a0d13e,linear,,begin,,identity,,,,E2,eigval_Q_p0,0.05961488877576152
a04ee5a0d13e,linear,,begin,,identity,,,,E2,eigval_Q_p10,0.09374104396897051
a04ee5a0d13e,linear,,begin,,identity,,,,E2,eigval_Q_p20,0.1871632172254901
a04ee5a0d13e,linear,,begin,,identity,,,,E2,eigval_Q_p30,0.2169374147538844
a04ee5a0d13e,linear,,begin,,identity,,,,E2,eigval_Q_p40,0.3964789510618191
a04ee5a0d13e,linear,,begin,,identity,,,,E2,eigval_Q_p50,0.5892759142482058
a04ee5a0d13e,linear,,begin,,identity,,,,E2,eigval_Q_p60,0.7163698671729961
a04ee5a0d13e,linear,,begin,,identity,,,,E2,eigval_Q_p70,1.9711712578434468
a04ee5a0d13e,linear,,begin,,identity,,,,E2,eigval_Q_p80,4.796545199417031
a04ee5a0d13e,linear,,begin,,identity,,,,E2,eigval_Q_p90,22.87944473894085
a04ee5a0d13e,linear,,begin,,identity,,,,E2,eigval_Q_p100,126.91815371585493
d85306d3aed3,linear,,begin,0.01,identity,,,,E2,varsigma,4.6735173322749715
d85306d3aed3,linear,,begin,0.01,identity,,,,E2,rho,0.046735173322749714
d85306d3aed3,linear,,begin,0.01,identity,,,,E2,radius_upper,0.046735173322749714
d85306d3aed3,linear,,begin,0.01,identity,,,,E2,radius_lower_simple,0.046735173322749714
d85306d3aed3,linear,,begin,0.01,identity,,,,E2,radius_lower_ascent,0.046735173322749714
d85306d3aed3,linear,,begin,0.01,identity,,,,E2,v_norm,0.33491051197052
d85306d3aed3,linear,,begin,0.01,identity,,,,E2,v_hat,7.166133944933772
d85306d3aed3,linear,,begin,0.01,identity,,,,E2,varpi,0.9995306438108085
d85306d3aed3,linear,,begin,0.01,identity,,,,E2,baseline,0.0003773575107027195
d85306d3aed3,linear,,begin,0.01,identity,,,,E2,alpha_tilde_star,0.9702770144110096
d85306d3aed3,linear,,begin,0.01,identity,,,,E2,sqrt_varpi,0.999765294362036
d85306d3aed3,linear,,begin,0.01,identity,,,,E2,grad_c_norm,6.609551429748535
d85306d3aed3,linear,,begin,0.01,identity,,,,E2,Theta_rad,0.007070912945376368
d85306d3aed3,linear,,begin,0.01,identity,,,,E2,angle_gp_gc_deg,2.843241940487548
d85306d3aed3,linear,,begin,0.01,identity,,,,E2,cos_gp_gc,0.9987689852714539
d85306d3aed3,linear,,begin,0.01,identity,,,,E2,s_beta,0.33333333333333337
b314bbdb2755,linear,,begin,0.03,identity,,,,E2,varsigma,4.6735173322749715
b314bbdb2755,linear,,begin,0.03,identity,,,,E2,rho,0.14020551996824915
b314bbdb2755,linear,,begin,0.03,identity,,,,E2,radius_upper,0.14020551996824915
b314bbdb2755,linear,,begin,0.03,identity,,,,E2,radius_lower_simple,0.14020551996824915
b314bbdb2755,linear,,begin,0.03,identity,,,,E2,radius_lower_ascent,0.14020551996824915
b314bbdb2755,linear,,begin,0.03,identity,,,,E2,v_norm,1.0047314167022705
b314bbdb2755,linear,,begin,0.03,identity,,,,E2,v_hat,7.166133094687009
b314bbdb2755,linear,,begin,0.03,identity,,,,E2,varpi,0.9995306716071282
b314bbdb2755,linear,,begin,0.03,identity,,,,E2,baseline,0.0003773575107027195
b314bbdb2755,linear,,begin,0.03,identity,,,,E2,alpha_tilde_star,0.9702773129360681
b314bbdb2755,linear,,begin,0.03,identity,,,,E2,sqrt_varpi,0.9997653082634584
b314bbdb2755,linear,,begin,0.03,identity,,,,E2,grad_c_norm,6.609551429748535
b314bbdb2755,linear,,begin,0.03,identity,,,,E2,Theta_rad,0.021214153239658678
b314bbdb2755,linear,,begin,0.03,identity,,,,E2,angle_gp_gc_deg,8.697255355359363
b314bbdb2755,linear,,begin,0.03,identity,,,,E2,cos_gp_gc,0.9885011315345764
b314bbdb2755,linear,,begin,0.03,identity,,,,E2,s_beta,1.0
297a9f1c9c3b,linear,,begin,0.1,identity,,,,E2,varsigma,4.6735173322749715
297a9f1c9c3b,linear,,begin,0.1,identity,,,,E2,rho,0.4673517332274972
297a9f1c9c3b,linear,,begin,0.1,identity,,,,E2,radius_upper,0.4673517332274972
297a9f1c9c3b,linear,,begin,0.1,identity,,,,E2,radius_lower_simple,0.14020551996824915
297a9f1c9c3b,linear,,begin,0.1,identity,,,,E2,radius_lower_ascent,0.3205746653831644
297a9f1c9c3b,linear,,begin,0.1,identity,,,,E2,v_norm,3.3491010665893555
297a9f1c9c3b,linear,,begin,0.1,identity,,,,E2,v_hat,7.166125272416786
297a9f1c9c3b,linear,,begin,0.1,identity,,,,E2,varpi,0.9995340323720024
297a9f1c9c3b,linear,,begin,0.1,identity,,,,E2,baseline,0.0003773575107027195
297a9f1c9c3b,linear,,begin,0.1,identity,,,,E2,alpha_tilde_star,0.9702786533730526
297a9f1c9c3b,linear,,begin,0.1,identity,,,,E2,sqrt_varpi,0.9997669890389472
297a9f1c9c3b,linear,,begin,0.1,identity,,,,E2,grad_c_norm,6.609551429748535
297a9f1c9c3b,linear,,begin,0.1,identity,,,,E2,Theta_rad,0.04852076417158007
297a9f1c9c3b,linear,,begin,0.1,identity,,,,E2,angle_gp_gc_deg,29.338543246902912
297a9f1c9c3b,linear,,begin,0.1,identity,,,,E2,cos_gp_gc,0.8717398643493652
297a9f1c9c3b,linear,,begin,0.1,identity,,,,E2,s_beta,3.3333333333333335
91930773ae6b,linear,,begin,0.1,identity,,,,E3,a_over_rho2,43.503742792000764
91930773ae6b,linear,,begin,0.1,identity,,,,E3,l1_u_star,0.10000014005339812
91930773ae6b,linear,,begin,0.1,identity,,,,E3,l1_over_beta,1.0000014005339812
91930773ae6b,linear,,begin,0.1,identity,,,,E3,u_star_top1_y8_z4,0.030000009485053918
91930773ae6b,linear,,begin,0.1,identity,,,,E3,u_star_top2_y9_z4,0.030000002017238632
91930773ae6b,linear,,begin,0.1,identity,,,,E3,u_star_top3_y0_z4,0.029999983606010736
91930773ae6b,linear,,begin,0.1,identity,,,,E3,u_star_top4_y1_z4,0.01000004256917983
91930773ae6b,linear,,begin,0.1,identity,,,,E3,u_star_top5_y4_z9,7.067730543019032e-09
72ad701082d8,linear,0.0,begin,0.1,identity,,,,E1,relerr_calib__a_source_target,8.568119049072266
72ad701082d8,linear,0.0,begin,0.1,identity,,,,E1,cos_calib__a_source_target,0.9724159240722656
72ad701082d8,linear,0.0,begin,0.1,identity,,,,E1,relerr_shard__a_source_target,9.044116973876953
72ad701082d8,linear,0.0,begin,0.1,identity,,,,E1,cos_shard__a_source_target,0.9990462064743042
403cf4a22a03,linear,0.0,begin,0.1,identity,,,,assertions,flip_mass_gap_rel_max__a_source_target,0.0
72ad701082d8,linear,0.0,begin,0.1,identity,,,,E1,relerr_calib__b_other_pair,12.540422439575195
72ad701082d8,linear,0.0,begin,0.1,identity,,,,E1,cos_calib__b_other_pair,0.6994626522064209
72ad701082d8,linear,0.0,begin,0.1,identity,,,,E1,relerr_shard__b_other_pair,9.28487777709961
72ad701082d8,linear,0.0,begin,0.1,identity,,,,E1,cos_shard__b_other_pair,0.9881542921066284
403cf4a22a03,linear,0.0,begin,0.1,identity,,,,assertions,flip_mass_gap_rel_max__b_other_pair,0.02600000000000005
72ad701082d8,linear,0.0,begin,0.1,identity,,,,E1,relerr_calib__c_uniform,10.552633285522461
72ad701082d8,linear,0.0,begin,0.1,identity,,,,E1,cos_calib__c_uniform,0.9288958311080933
72ad701082d8,linear,0.0,begin,0.1,identity,,,,E1,relerr_shard__c_uniform,9.49245834350586
72ad701082d8,linear,0.0,begin,0.1,identity,,,,E1,cos_shard__c_uniform,0.9608559608459473
403cf4a22a03,linear,0.0,begin,0.1,identity,,,,assertions,flip_mass_gap_rel_max__c_uniform,0.02599999999999984
72ad701082d8,linear,0.0,begin,0.1,identity,,,,E1,relerr_calib__d_qp,9.011167526245117
72ad701082d8,linear,0.0,begin,0.1,identity,,,,E1,cos_calib__d_qp,0.9936016798019409
72ad701082d8,linear,0.0,begin,0.1,identity,,,,E1,relerr_shard__d_qp,9.08088207244873
72ad701082d8,linear,0.0,begin,0.1,identity,,,,E1,cos_shard__d_qp,0.9995954632759094
403cf4a22a03,linear,0.0,begin,0.1,identity,,,,assertions,flip_mass_gap_rel_max__d_qp,0.0360003047863029
72ad701082d8,linear,0.0,begin,0.1,identity,,,,E1,relerr_calib__e_random1,10.732385635375977
72ad701082d8,linear,0.0,begin,0.1,identity,,,,E1,cos_calib__e_random1,0.9114254713058472
72ad701082d8,linear,0.0,begin,0.1,identity,,,,E1,relerr_shard__e_random1,9.34930419921875
72ad701082d8,linear,0.0,begin,0.1,identity,,,,E1,cos_shard__e_random1,0.9539087414741516
403cf4a22a03,linear,0.0,begin,0.1,identity,,,,assertions,flip_mass_gap_rel_max__e_random1,0.30909524489488477
72ad701082d8,linear,0.0,begin,0.1,identity,,,,E1,relerr_calib__f_random2,10.855700492858887
72ad701082d8,linear,0.0,begin,0.1,identity,,,,E1,cos_calib__f_random2,0.9186762571334839
72ad701082d8,linear,0.0,begin,0.1,identity,,,,E1,relerr_shard__f_random2,9.823320388793945
72ad701082d8,linear,0.0,begin,0.1,identity,,,,E1,cos_shard__f_random2,0.9564914107322693
403cf4a22a03,linear,0.0,begin,0.1,identity,,,,assertions,flip_mass_gap_rel_max__f_random2,0.2547108224998973
48cf01103b72,linear,,mid,,identity,,,,E2,eigval_Q_p0,0.05961478715400626
48cf01103b72,linear,,mid,,identity,,,,E2,eigval_Q_p10,0.09374052077037211
48cf01103b72,linear,,mid,,identity,,,,E2,eigval_Q_p20,0.1871633187706339
48cf01103b72,linear,,mid,,identity,,,,E2,eigval_Q_p30,0.2169373425428194
48cf01103b72,linear,,mid,,identity,,,,E2,eigval_Q_p40,0.39647898159897055
48cf01103b72,linear,,mid,,identity,,,,E2,eigval_Q_p50,0.5892756178127927
48cf01103b72,linear,,mid,,identity,,,,E2,eigval_Q_p60,0.7163690641878412
48cf01103b72,linear,,mid,,identity,,,,E2,eigval_Q_p70,1.9711704559806984
48cf01103b72,linear,,mid,,identity,,,,E2,eigval_Q_p80,4.796544720464008
48cf01103b72,linear,,mid,,identity,,,,E2,eigval_Q_p90,22.879445704603363
48cf01103b72,linear,,mid,,identity,,,,E2,eigval_Q_p100,126.91815625371987
5a04780b7f97,linear,,mid,0.01,identity,,,,E2,varsigma,4.673517457676858
5a04780b7f97,linear,,mid,0.01,identity,,,,E2,rho,0.046735174576768575
5a04780b7f97,linear,,mid,0.01,identity,,,,E2,radius_upper,0.046735174576768575
5a04780b7f97,linear,,mid,0.01,identity,,,,E2,radius_lower_simple,0.046735174576768575
5a04780b7f97,linear,,mid,0.01,identity,,,,E2,radius_lower_ascent,0.046735174576768575
5a04780b7f97,linear,,mid,0.01,identity,,,,E2,v_norm,0.3722755014896393
5a04780b7f97,linear,,mid,0.01,identity,,,,E2,v_hat,7.965638405354164
5a04780b7f97,linear,,mid,0.01,identity,,,,E2,varpi,0.9978112896155465
5a04780b7f97,linear,,mid,0.01,identity,,,,E2,baseline,0.0003773575003625261
5a04780b7f97,linear,,mid,0.01,identity,,,,E2,alpha_tilde_star,0.9902071107852749
5a04780b7f97,linear,,mid,0.01,identity,,,,E2,sqrt_varpi,0.998905045344925
5a04780b7f97,linear,,mid,0.01,identity,,,,E2,grad_c_norm,7.050352096557617
5a04780b7f97,linear,,mid,0.01,identity,,,,E2,Theta_rad,0.006628820263941638
5a04780b7f97,linear,,mid,0.01,identity,,,,E2,angle_gp_gc_deg,2.879024343782411
5a04780b7f97,linear,,mid,0.01,identity,,,,E2,cos_gp_gc,0.9987378120422363
5a04780b7f97,linear,,mid,0.01,identity,,,,E2,s_beta,0.33333333333333337
66109052190a,linear,,mid,0.03,identity,,,,E2,varsigma,4.673517457676858
66109052190a,linear,,mid,0.03,identity,,,,E2,rho,0.14020552373030573
66109052190a,linear,,mid,0.03,identity,,,,E2,radius_upper,0.14020552373030573
66109052190a,linear,,mid,0.03,identity,,,,E2,radius_lower_simple,0.14020552373030573
66109052190a,linear,,mid,0.03,identity,,,,E2,radius_lower_ascent,0.14020552373030573
66109052190a,linear,,mid,0.03,identity,,,,E2,v_norm,1.1168266534805298
66109052190a,linear,,mid,0.03,identity,,,,E2,v_hat,7.965639468162589
66109052190a,linear,,mid,0.03,identity,,,,E2,varpi,0.9978099801064428
66109052190a,linear,,mid,0.03,identity,,,,E2,baseline,0.0003773575003625261
66109052190a,linear,,mid,0.03,identity,,,,E2,alpha_tilde_star,0.9902065712954655
66109052190a,linear,,mid,0.03,identity,,,,E2,sqrt_varpi,0.9989043898724457
66109052190a,linear,,mid,0.03,identity,,,,E2,grad_c_norm,7.050352096557617
66109052190a,linear,,mid,0.03,identity,,,,E2,Theta_rad,0.019887626111466255
66109052190a,linear,,mid,0.03,identity,,,,E2,angle_gp_gc_deg,8.358557563713811
66109052190a,linear,,mid,0.03,identity,,,,E2,cos_gp_gc,0.9893777370452881
66109052190a,linear,,mid,0.03,identity,,,,E2,s_beta,1.0
b4322f501eb1,linear,,mid,0.1,identity,,,,E2,varsigma,4.673517457676858
b4322f501eb1,linear,,mid,0.1,identity,,,,E2,rho,0.4673517457676858
b4322f501eb1,linear,,mid,0.1,identity,,,,E2,radius_upper,0.4673517457676858
b4322f501eb1,linear,,mid,0.1,identity,,,,E2,radius_lower_simple,0.14020552373030573
b4322f501eb1,linear,,mid,0.1,identity,,,,E2,radius_lower_ascent,0.32057465582171274
b4322f501eb1,linear,,mid,0.1,identity,,,,E2,v_norm,3.7227554321289062
b4322f501eb1,linear,,mid,0.1,identity,,,,E2,v_hat,7.96563929811324
b4322f501eb1,linear,,mid,0.1,identity,,,,E2,varpi,0.9978085705021215
b4322f501eb1,linear,,mid,0.1,identity,,,,E2,baseline,0.0003773575003625261
b4322f501eb1,linear,,mid,0.1,identity,,,,E2,alpha_tilde_star,0.9902060227325746
b4322f501eb1,linear,,mid,0.1,identity,,,,E2,sqrt_varpi,0.9989036842970004
b4322f501eb1,linear,,mid,0.1,identity,,,,E2,grad_c_norm,7.050352096557617
b4322f501eb1,linear,,mid,0.1,identity,,,,E2,Theta_rad,0.04548499376780726
b4322f501eb1,linear,,mid,0.1,identity,,,,E2,angle_gp_gc_deg,24.15285473002675
b4322f501eb1,linear,,mid,0.1,identity,,,,E2,cos_gp_gc,0.9124571084976196
b4322f501eb1,linear,,mid,0.1,identity,,,,E2,s_beta,3.3333333333333335
3d26f4fd8349,linear,,mid,0.1,identity,,,,E3,a_over_rho2,54.775444535402386
3d26f4fd8349,linear,,mid,0.1,identity,,,,E3,l1_u_star,0.10000001729773964
3d26f4fd8349,linear,,mid,0.1,identity,,,,E3,l1_over_beta,1.0000001729773962
3d26f4fd8349,linear,,mid,0.1,identity,,,,E3,u_star_top1_y9_z4,0.03000001592407012
3d26f4fd8349,linear,,mid,0.1,identity,,,,E3,u_star_top2_y8_z4,0.030000009951831712
3d26f4fd8349,linear,,mid,0.1,identity,,,,E3,u_star_top3_y0_z4,0.029999998509094825
3d26f4fd8349,linear,,mid,0.1,identity,,,,E3,u_star_top4_y1_z4,0.009999813455092352
3d26f4fd8349,linear,,mid,0.1,identity,,,,E3,u_star_top5_y2_z4,5.181129647592557e-09
26ad1b83e0d3,linear,0.0,mid,0.1,identity,,,,E1,relerr_calib__a_source_target,8.54791259765625
26ad1b83e0d3,linear,0.0,mid,0.1,identity,,,,E1,cos_calib__a_source_target,0.969409167766571
26ad1b83e0d3,linear,0.0,mid,0.1,identity,,,,E1,relerr_shard__a_source_target,8.982796669006348
26ad1b83e0d3,linear,0.0,mid,0.1,identity,,,,E1,cos_shard__a_source_target,0.9992056488990784
eee040d2bef3,linear,0.0,mid,0.1,identity,,,,assertions,flip_mass_gap_rel_max__a_source_target,0.0
26ad1b83e0d3,linear,0.0,mid,0.1,identity,,,,E1,relerr_calib__b_other_pair,13.21052074432373
26ad1b83e0d3,linear,0.0,mid,0.1,identity,,,,E1,cos_calib__b_other_pair,0.688186526298523
26ad1b83e0d3,linear,0.0,mid,0.1,identity,,,,E1,relerr_shard__b_other_pair,9.278034210205078
26ad1b83e0d3,linear,0.0,mid,0.1,identity,,,,E1,cos_shard__b_other_pair,0.9897072315216064
eee040d2bef3,linear,0.0,mid,0.1,identity,,,,assertions,flip_mass_gap_rel_max__b_other_pair,0.02600000000000005
26ad1b83e0d3,linear,0.0,mid,0.1,identity,,,,E1,relerr_calib__c_uniform,9.749775886535645
26ad1b83e0d3,linear,0.0,mid,0.1,identity,,,,E1,cos_calib__c_uniform,0.9036643505096436
26ad1b83e0d3,linear,0.0,mid,0.1,identity,,,,E1,relerr_shard__c_uniform,9.301579475402832
26ad1b83e0d3,linear,0.0,mid,0.1,identity,,,,E1,cos_shard__c_uniform,0.9596930742263794
eee040d2bef3,linear,0.0,mid,0.1,identity,,,,assertions,flip_mass_gap_rel_max__c_uniform,0.02599999999999984
26ad1b83e0d3,linear,0.0,mid,0.1,identity,,,,E1,relerr_calib__d_qp,8.899731636047363
26ad1b83e0d3,linear,0.0,mid,0.1,identity,,,,E1,cos_calib__d_qp,0.9929137825965881
26ad1b83e0d3,linear,0.0,mid,0.1,identity,,,,E1,relerr_shard__d_qp,9.044957160949707
26ad1b83e0d3,linear,0.0,mid,0.1,identity,,,,E1,cos_shard__d_qp,0.9995962381362915
eee040d2bef3,linear,0.0,mid,0.1,identity,,,,assertions,flip_mass_gap_rel_max__d_qp,0.036000319785419684
26ad1b83e0d3,linear,0.0,mid,0.1,identity,,,,E1,relerr_calib__e_random1,10.14463996887207
26ad1b83e0d3,linear,0.0,mid,0.1,identity,,,,E1,cos_calib__e_random1,0.8862001299858093
26ad1b83e0d3,linear,0.0,mid,0.1,identity,,,,E1,relerr_shard__e_random1,9.182502746582031
26ad1b83e0d3,linear,0.0,mid,0.1,identity,,,,E1,cos_shard__e_random1,0.9524368047714233
eee040d2bef3,linear,0.0,mid,0.1,identity,,,,assertions,flip_mass_gap_rel_max__e_random1,0.30909524489488477
26ad1b83e0d3,linear,0.0,mid,0.1,identity,,,,E1,relerr_calib__f_random2,9.872941017150879
26ad1b83e0d3,linear,0.0,mid,0.1,identity,,,,E1,cos_calib__f_random2,0.8878319263458252
26ad1b83e0d3,linear,0.0,mid,0.1,identity,,,,E1,relerr_shard__f_random2,9.64526081085205
26ad1b83e0d3,linear,0.0,mid,0.1,identity,,,,E1,cos_shard__f_random2,0.9545518159866333
eee040d2bef3,linear,0.0,mid,0.1,identity,,,,assertions,flip_mass_gap_rel_max__f_random2,0.2547108224998973
ec3040a76538,linear,,end,,identity,,,,E2,eigval_Q_p0,0.05961449222490726
ec3040a76538,linear,,end,,identity,,,,E2,eigval_Q_p10,0.09374116794952454
ec3040a76538,linear,,end,,identity,,,,E2,eigval_Q_p20,0.18716344537486193
ec3040a76538,linear,,end,,identity,,,,E2,eigval_Q_p30,0.21693759158567694
ec3040a76538,linear,,end,,identity,,,,E2,eigval_Q_p40,0.3964784287694131
ec3040a76538,linear,,end,,identity,,,,E2,eigval_Q_p50,0.589275778559808
ec3040a76538,linear,,end,,identity,,,,E2,eigval_Q_p60,0.7163699445591412
ec3040a76538,linear,,end,,identity,,,,E2,eigval_Q_p70,1.97117136940203
ec3040a76538,linear,,end,,identity,,,,E2,eigval_Q_p80,4.79654475872241
ec3040a76538,linear,,end,,identity,,,,E2,eigval_Q_p90,22.879446786459372
ec3040a76538,linear,,end,,identity,,,,E2,eigval_Q_p100,126.91816404161052
b41e4dc034b6,linear,,end,0.01,identity,,,,E2,varsigma,4.67351743440729
b41e4dc034b6,linear,,end,0.01,identity,,,,E2,rho,0.0467351743440729
b41e4dc034b6,linear,,end,0.01,identity,,,,E2,radius_upper,0.0467351743440729
b41e4dc034b6,linear,,end,0.01,identity,,,,E2,radius_lower_simple,0.0467351743440729
b41e4dc034b6,linear,,end,0.01,identity,,,,E2,radius_lower_ascent,0.0467351743440729
b41e4dc034b6,linear,,end,0.01,identity,,,,E2,v_norm,0.37098926305770874
b41e4dc034b6,linear,,end,0.01,identity,,,,E2,v_hat,7.93811659557356
b41e4dc034b6,linear,,end,0.01,identity,,,,E2,varpi,0.9969787233732567
b41e4dc034b6,linear,,end,0.01,identity,,,,E2,baseline,0.00037735749798657465
b41e4dc034b6,linear,,end,0.01,identity,,,,E2,alpha_tilde_star,0.9825392668898342
b41e4dc034b6,linear,,end,0.01,identity,,,,E2,sqrt_varpi,0.9984882189456502
b41e4dc034b6,linear,,end,0.01,identity,,,,E2,grad_c_norm,7.585236072540283
b41e4dc034b6,linear,,end,0.01,identity,,,,E2,Theta_rad,0.006161373172295274
b41e4dc034b6,linear,,end,0.01,identity,,,,E2,angle_gp_gc_deg,2.801419396961336
b41e4dc034b6,linear,,end,0.01,identity,,,,E2,cos_gp_gc,0.9988049268722534
b41e4dc034b6,linear,,end,0.01,identity,,,,E2,s_beta,0.33333333333333337
aed9cced82fe,linear,,end,0.03,identity,,,,E2,varsigma,4.67351743440729
aed9cced82fe,linear,,end,0.03,identity,,,,E2,rho,0.1402055230322187
aed9cced82fe,linear,,end,0.03,identity,,,,E2,radius_upper,0.1402055230322187
aed9cced82fe,linear,,end,0.03,identity,,,,E2,radius_lower_simple,0.1402055230322187
aed9cced82fe,linear,,end,0.03,identity,,,,E2,radius_lower_ascent,0.1402055230322187
aed9cced82fe,linear,,end,0.03,identity,,,,E2,v_norm,1.1129674911499023
aed9cced82fe,linear,,end,0.03,identity,,,,E2,v_hat,7.938114469956698
aed9cced82fe,linear,,end,0.03,identity,,,,E2,varpi,0.9969790068445833
aed9cced82fe,linear,,end,0.03,identity,,,,E2,baseline,0.00037735749798657465
aed9cced82fe,linear,,end,0.03,identity,,,,E2,alpha_tilde_star,0.9825394994337664
aed9cced82fe,linear,,end,0.03,identity,,,,E2,sqrt_varpi,0.9984883608959011
aed9cced82fe,linear,,end,0.03,identity,,,,E2,grad_c_norm,7.585236072540283
aed9cced82fe,linear,,end,0.03,identity,,,,E2,Theta_rad,0.01848505526397903
aed9cced82fe,linear,,end,0.03,identity,,,,E2,angle_gp_gc_deg,8.38236912474103
aed9cced82fe,linear,,end,0.03,identity,,,,E2,cos_gp_gc,0.9893172383308411
aed9cced82fe,linear,,end,0.03,identity,,,,E2,s_beta,1.0
1145540cff8a,linear,,end,0.1,identity,,,,E2,varsigma,4.67351743440729
1145540cff8a,linear,,end,0.1,identity,,,,E2,rho,0.46735174344072905
1145540cff8a,linear,,end,0.1,identity,,,,E2,radius_upper,0.46735174344072905
1145540cff8a,linear,,end,0.1,identity,,,,E2,radius_lower_simple,0.1402055230322187
1145540cff8a,linear,,end,0.1,identity,,,,E2,radius_lower_ascent,0.32057465161188026
1145540cff8a,linear,,end,0.1,identity,,,,E2,v_norm,3.7098913192749023
1145540cff8a,linear,,end,0.1,identity,,,,E2,v_hat,7.938113789759301
1145540cff8a,linear,,end,0.1,identity,,,,E2,varpi,0.9969796994926282
1145540cff8a,linear,,end,0.1,identity,,,,E2,baseline,0.00037735749798657465
1145540cff8a,linear,,end,0.1,identity,,,,E2,alpha_tilde_star,0.9825397821664064
1145540cff8a,linear,,end,0.1,identity,,,,E2,sqrt_varpi,0.9984887077441729
1145540cff8a,linear,,end,0.1,identity,,,,E2,grad_c_norm,7.585236072540283
1145540cff8a,linear,,end,0.1,identity,,,,E2,Theta_rad,0.04227556772455069
1145540cff8a,linear,,end,0.1,identity,,,,E2,angle_gp_gc_deg,26.42078147879424
1145540cff8a,linear,,end,0.1,identity,,,,E2,cos_gp_gc,0.8955504298210144
1145540cff8a,linear,,end,0.1,identity,,,,E2,s_beta,3.3333333333333335
4aa03be06623,linear,,end,0.1,identity,,,,E3,a_over_rho2,54.3816264324446
4aa03be06623,linear,,end,0.1,identity,,,,E3,l1_u_star,0.1000002915465379
4aa03be06623,linear,,end,0.1,identity,,,,E3,l1_over_beta,1.000002915465379
4aa03be06623,linear,,end,0.1,identity,,,,E3,u_star_top1_y9_z4,0.03000002013223485
4aa03be06623,linear,,end,0.1,identity,,,,E3,u_star_top2_y0_z4,0.030000013182036416
4aa03be06623,linear,,end,0.1,identity,,,,E3,u_star_top3_y8_z4,0.030000001018340064
4aa03be06623,linear,,end,0.1,identity,,,,E3,u_star_top4_y1_z4,0.010000257213926568
4aa03be06623,linear,,end,0.1,identity,,,,E3,u_star_top5_y0_z1,0.0
4aa03be06623,linear,,end,0.1,identity,,,,E3,l1_capacity_true,0.1000002915465379
4aa03be06623,linear,,end,0.1,identity,,,,E3,l1_capacity_false,0.10000016637077318
4aa03be06623,linear,,end,0.1,identity,,,,E3,s_beta_check,3.3333333333333335
631fb28be599,linear,0.0,end,0.1,identity,,,,E1,relerr_calib__a_source_target,8.62808895111084
631fb28be599,linear,0.0,end,0.1,identity,,,,E1,cos_calib__a_source_target,0.9703313708305359
631fb28be599,linear,0.0,end,0.1,identity,,,,E1,relerr_shard__a_source_target,9.015152931213379
631fb28be599,linear,0.0,end,0.1,identity,,,,E1,cos_shard__a_source_target,0.9992450475692749
cc4858ff768a,linear,0.0,end,0.1,identity,,,,assertions,flip_mass_gap_rel_max__a_source_target,0.0
631fb28be599,linear,0.0,end,0.1,identity,,,,E1,relerr_calib__b_other_pair,13.403364181518555
631fb28be599,linear,0.0,end,0.1,identity,,,,E1,cos_calib__b_other_pair,0.6931477785110474
631fb28be599,linear,0.0,end,0.1,identity,,,,E1,relerr_shard__b_other_pair,9.229081153869629
631fb28be599,linear,0.0,end,0.1,identity,,,,E1,cos_shard__b_other_pair,0.9905214905738831
cc4858ff768a,linear,0.0,end,0.1,identity,,,,assertions,flip_mass_gap_rel_max__b_other_pair,0.02600000000000005
631fb28be599,linear,0.0,end,0.1,identity,,,,E1,relerr_calib__c_uniform,9.966472625732422
631fb28be599,linear,0.0,end,0.1,identity,,,,E1,cos_calib__c_uniform,0.9065903425216675
631fb28be599,linear,0.0,end,0.1,identity,,,,E1,relerr_shard__c_uniform,9.314897537231445
631fb28be599,linear,0.0,end,0.1,identity,,,,E1,cos_shard__c_uniform,0.9606211185455322
cc4858ff768a,linear,0.0,end,0.1,identity,,,,assertions,flip_mass_gap_rel_max__c_uniform,0.02599999999999984
631fb28be599,linear,0.0,end,0.1,identity,,,,E1,relerr_calib__d_qp,8.948750495910645
631fb28be599,linear,0.0,end,0.1,identity,,,,E1,cos_calib__d_qp,0.9929412007331848
631fb28be599,linear,0.0,end,0.1,identity,,,,E1,relerr_shard__d_qp,9.04884147644043
631fb28be599,linear,0.0,end,0.1,identity,,,,E1,cos_shard__d_qp,0.9996111392974854
cc4858ff768a,linear,0.0,end,0.1,identity,,,,assertions,flip_mass_gap_rel_max__d_qp,0.036000032722659614
631fb28be599,linear,0.0,end,0.1,identity,,,,E1,relerr_calib__e_random1,10.213990211486816
631fb28be599,linear,0.0,end,0.1,identity,,,,E1,cos_calib__e_random1,0.8874765634536743
631fb28be599,linear,0.0,end,0.1,identity,,,,E1,relerr_shard__e_random1,9.216329574584961
631fb28be599,linear,0.0,end,0.1,identity,,,,E1,cos_shard__e_random1,0.9528736472129822
cc4858ff768a,linear,0.0,end,0.1,identity,,,,assertions,flip_mass_gap_rel_max__e_random1,0.30909524489488477
631fb28be599,linear,0.0,end,0.1,identity,,,,E1,relerr_calib__f_random2,10.076497077941895
631fb28be599,linear,0.0,end,0.1,identity,,,,E1,cos_calib__f_random2,0.8957198262214661
631fb28be599,linear,0.0,end,0.1,identity,,,,E1,relerr_shard__f_random2,9.608461380004883
631fb28be599,linear,0.0,end,0.1,identity,,,,E1,cos_shard__f_random2,0.9567573666572571
cc4858ff768a,linear,0.0,end,0.1,identity,,,,assertions,flip_mass_gap_rel_max__f_random2,0.2547108224998973
ab20c0d27b53,linear,,shared,0.1,identity,,,,E3,J_shared,50.88694122486508
ab20c0d27b53,linear,,shared,0.1,identity,,,,E3,gap_pct,6.494625086913106e-06
ab20c0d27b53,linear,,shared,0.1,identity,,,,E3,mean_perckpt,50.88693791994925
59314f014b58,linear,,begin_vs_mid,0.1,identity,,,,E3,cos_u_star,0.9999999999905792
59314f014b58,linear,,begin_vs_mid,0.1,identity,,,,E3,mean_col_cos_Gbar,0.999999878948687
9b8a526136c6,linear,,begin_vs_end,0.1,identity,,,,E3,cos_u_star,0.9999999999921638
9b8a526136c6,linear,,begin_vs_end,0.1,identity,,,,E3,mean_col_cos_Gbar,0.9999998517113193
c4dc3e44050d,linear,,mid_vs_end,0.1,identity,,,,E3,cos_u_star,0.9999999999661056
c4dc3e44050d,linear,,mid_vs_end,0.1,identity,,,,E3,mean_col_cos_Gbar,0.999999884873387
631fb28be599,linear,0.0,end,0.1,identity,,,,E1,seed_robustness_err_rel__a,8.62808895111084
631fb28be599,linear,0.0,end,0.1,identity,,,,E1,seed_robustness_cos__a,0.9703313708305359
05d4cfef06dc,linear,1.0,end,0.1,identity,,,,E1,seed_robustness_err_rel__a,8.783817291259766
05d4cfef06dc,linear,1.0,end,0.1,identity,,,,E1,seed_robustness_cos__a,0.9642798900604248
e4e23210a452,linear,2.0,end,0.1,identity,,,,E1,seed_robustness_err_rel__a,8.952999114990234
e4e23210a452,linear,2.0,end,0.1,identity,,,,E1,seed_robustness_cos__a,0.9561843872070312
0664baaad212,linear,0.0,end,0.01,identity,,,,E1,sweep_err_rel__B=full,11.011347770690918
0664baaad212,linear,0.0,end,0.01,identity,,,,E1,sweep_err_rel__B=64,57.41468365987142
0664baaad212,linear,0.0,end,0.01,identity,,,,E1,snr__B=64,0.01834392119536864
0664baaad212,linear,0.0,end,0.01,identity,,,,E1,sweep_err_rel__B=256,29.500224749247234
0664baaad212,linear,0.0,end,0.01,identity,,,,E1,snr__B=256,0.03566222445755406
0664baaad212,linear,0.0,end,0.01,identity,,,,E1,sweep_err_rel__B=1024,15.735127925872803
0664baaad212,linear,0.0,end,0.01,identity,,,,E1,snr__B=1024,0.08671550930989315
c6dd2cffce79,linear,0.0,end,0.03,identity,,,,E1,sweep_err_rel__B=full,8.62808895111084
c6dd2cffce79,linear,0.0,end,0.03,identity,,,,E1,sweep_err_rel__B=64,20.02882703145345
c6dd2cffce79,linear,0.0,end,0.03,identity,,,,E1,snr__B=64,0.054417600279520306
c6dd2cffce79,linear,0.0,end,0.03,identity,,,,E1,sweep_err_rel__B=256,12.322114626566568
c6dd2cffce79,linear,0.0,end,0.03,identity,,,,E1,snr__B=256,0.10382194017885497
c6dd2cffce79,linear,0.0,end,0.03,identity,,,,E1,sweep_err_rel__B=1024,9.497682094573975
c6dd2cffce79,linear,0.0,end,0.03,identity,,,,E1,snr__B=1024,0.24551804948299072
631fb28be599,linear,0.0,end,0.1,identity,,,,E1,sweep_err_rel__B=full,8.62808895111084
631fb28be599,linear,0.0,end,0.1,identity,,,,E1,sweep_err_rel__B=64,20.02882703145345
631fb28be599,linear,0.0,end,0.1,identity,,,,E1,snr__B=64,0.054417600279520306
631fb28be599,linear,0.0,end,0.1,identity,,,,E1,sweep_err_rel__B=256,12.322114626566568
631fb28be599,linear,0.0,end,0.1,identity,,,,E1,snr__B=256,0.10382194017885497
631fb28be599,linear,0.0,end,0.1,identity,,,,E1,sweep_err_rel__B=1024,9.497682094573975
631fb28be599,linear,0.0,end,0.1,identity,,,,E1,snr__B=1024,0.24551804948299072
30959e4cc8ab,linear,,end,0.1,identity,,,,assertions,budget_relation_abs_gap,0.0
30959e4cc8ab,linear,,end,0.1,identity,,,,assertions,solve_qp_vs_repo_project_gradient_max_abs_diff,0.0
30959e4cc8ab,linear,,end,0.1,identity,,,,assertions,alpha_tilde_budget_frac_of_bigbeta,2.7285282728409863e-06
fa75b86469ef,cnn,,begin,,identity,,,,E2,eigval_Q_p0,0.0
fa75b86469ef,cnn,,begin,,identity,,,,E2,eigval_Q_p10,0.0
fa75b86469ef,cnn,,begin,,identity,,,,E2,eigval_Q_p20,0.0
fa75b86469ef,cnn,,begin,,identity,,,,E2,eigval_Q_p30,0.0
fa75b86469ef,cnn,,begin,,identity,,,,E2,eigval_Q_p40,21.108790862083072
fa75b86469ef,cnn,,begin,,identity,,,,E2,eigval_Q_p50,65.25578699962692
fa75b86469ef,cnn,,begin,,identity,,,,E2,eigval_Q_p60,162.57180759186943
fa75b86469ef,cnn,,begin,,identity,,,,E2,eigval_Q_p70,426.6939321921485
fa75b86469ef,cnn,,begin,,identity,,,,E2,eigval_Q_p80,2130.2947849359753
fa75b86469ef,cnn,,begin,,identity,,,,E2,eigval_Q_p90,21273.963284529396
fa75b86469ef,cnn,,begin,,identity,,,,E2,eigval_Q_p100,8228349.273218758
2eaccafae981,cnn,,begin,0.01,identity,,,,E2,varsigma,929.2019910002108
2eaccafae981,cnn,,begin,0.01,identity,,,,E2,rho,9.292019910002109
2eaccafae981,cnn,,begin,0.01,identity,,,,E2,radius_upper,9.292019910002109
2eaccafae981,cnn,,begin,0.01,identity,,,,E2,radius_lower_simple,9.292019910002109
2eaccafae981,cnn,,begin,0.01,identity,,,,E2,radius_lower_ascent,9.292019910002109
2eaccafae981,cnn,,begin,0.01,identity,,,,E2,v_norm,29.228506088256836
2eaccafae981,cnn,,begin,0.01,identity,,,,E2,v_hat,3.145549231636354
2eaccafae981,cnn,,begin,0.01,identity,,,,E2,varpi,0.9999668761116364
2eaccafae981,cnn,,begin,0.01,identity,,,,E2,baseline,1.0114451794815515e-05
2eaccafae981,cnn,,begin,0.01,identity,,,,E2,alpha_tilde_star,0.994724698858792
2eaccafae981,cnn,,begin,0.01,identity,,,,E2,sqrt_varpi,0.999983437918667
2eaccafae981,cnn,,begin,0.01,identity,,,,E2,grad_c_norm,4898.2001953125
2eaccafae981,cnn,,begin,0.01,identity,,,,E2,Theta_rad,0.001897028523277205
2eaccafae981,cnn,,begin,0.01,identity,,,,E2,angle_gp_gc_deg,0.0
2eaccafae981,cnn,,begin,0.01,identity,,,,E2,cos_gp_gc,1.0001423358917236
2eaccafae981,cnn,,begin,0.01,identity,,,,E2,s_beta,0.33333333333333337
eee36d7f70d1,cnn,,begin,0.03,identity,,,,E2,varsigma,929.2019910002108
eee36d7f70d1,cnn,,begin,0.03,identity,,,,E2,rho,27.87605973000632
eee36d7f70d1,cnn,,begin,0.03,identity,,,,E2,radius_upper,27.87605973000632
eee36d7f70d1,cnn,,begin,0.03,identity,,,,E2,radius_lower_simple,27.87605973000632
eee36d7f70d1,cnn,,begin,0.03,identity,,,,E2,radius_lower_ascent,27.87605973000632
eee36d7f70d1,cnn,,begin,0.03,identity,,,,E2,v_norm,87.68585968017578
eee36d7f70d1,cnn,,begin,0.03,identity,,,,E2,v_hat,3.145561479257022
eee36d7f70d1,cnn,,begin,0.03,identity,,,,E2,varpi,0.999953724586428
eee36d7f70d1,cnn,,begin,0.03,identity,,,,E2,baseline,1.0114451794815515e-05
eee36d7f70d1,cnn,,begin,0.03,identity,,,,E2,alpha_tilde_star,0.9947237708116895
eee36d7f70d1,cnn,,begin,0.03,identity,,,,E2,sqrt_varpi,0.999976862025531
eee36d7f70d1,cnn,,begin,0.03,identity,,,,E2,grad_c_norm,4898.2001953125
eee36d7f70d1,cnn,,begin,0.03,identity,,,,E2,Theta_rad,0.0056911128777015485
eee36d7f70d1,cnn,,begin,0.03,identity,,,,E2,angle_gp_gc_deg,0.0
eee36d7f70d1,cnn,,begin,0.03,identity,,,,E2,cos_gp_gc,1.0000073909759521
eee36d7f70d1,cnn,,begin,0.03,identity,,,,E2,s_beta,1.0
441e20ba0a63,cnn,,begin,0.1,identity,,,,E2,varsigma,929.2019910002108
441e20ba0a63,cnn,,begin,0.1,identity,,,,E2,rho,92.92019910002108
441e20ba0a63,cnn,,begin,0.1,identity,,,,E2,radius_upper,92.92019910002108
441e20ba0a63,cnn,,begin,0.1,identity,,,,E2,radius_lower_simple,27.87605973000632
441e20ba0a63,cnn,,begin,0.1,identity,,,,E2,radius_lower_ascent,69.34637115424533
441e20ba0a63,cnn,,begin,0.1,identity,,,,E2,v_norm,292.2834777832031
441e20ba0a63,cnn,,begin,0.1,identity,,,,E2,v_hat,3.145532194443359
441e20ba0a63,cnn,,begin,0.1,identity,,,,E2,varpi,0.9999850865403059
441e20ba0a63,cnn,,begin,0.1,identity,,,,E2,baseline,1.0114451794815515e-05
441e20ba0a63,cnn,,begin,0.1,identity,,,,E2,alpha_tilde_star,0.9947350139738446
441e20ba0a63,cnn,,begin,0.1,identity,,,,E2,sqrt_varpi,0.9999925432423513
441e20ba0a63,cnn,,begin,0.1,identity,,,,E2,grad_c_norm,4898.2001953125
441e20ba0a63,cnn,,begin,0.1,identity,,,,E2,Theta_rad,0.014157993788711798
441e20ba0a63,cnn,,begin,0.1,identity,,,,E2,angle_gp_gc_deg,3.200083439878108
441e20ba0a63,cnn,,begin,0.1,identity,,,,E2,cos_gp_gc,0.998440682888031
441e20ba0a63,cnn,,begin,0.1,identity,,,,E2,s_beta,3.3333333333333335
9f1c139c9d7a,cnn,,begin,0.1,identity,,,,E3,a_over_rho2,7.538143486246982
9f1c139c9d7a,cnn,,begin,0.1,identity,,,,E3,l1_u_star,0.10000012511953439
9f1c139c9d7a,cnn,,begin,0.1,identity,,,,E3,l1_over_beta,1.0000012511953438
9f1c139c9d7a,cnn,,begin,0.1,identity,,,,E3,u_star_top1_y7_z4,0.030000069062424747
9f1c139c9d7a,cnn,,begin,0.1,identity,,,,E3,u_star_top2_y1_z4,0.029999931292230893
9f1c139c9d7a,cnn,,begin,0.1,identity,,,,E3,u_star_top3_y9_z4,0.02970880779277957
9f1c139c9d7a,cnn,,begin,0.1,identity,,,,E3,u_star_top4_y3_z4,0.010291257721193511
9f1c139c9d7a,cnn,,begin,0.1,identity,,,,E3,u_star_top5_y1_z8,8.54352672518624e-09
4b9646f5387b,cnn,0.0,begin,0.1,identity,,,,E1,relerr_calib__a_source_target,9.313404083251953
4b9646f5387b,cnn,0.0,begin,0.1,identity,,,,E1,cos_calib__a_source_target,0.9956743717193604
4b9646f5387b,cnn,0.0,begin,0.1,identity,,,,E1,relerr_shard__a_source_target,8.63371467590332
4b9646f5387b,cnn,0.0,begin,0.1,identity,,,,E1,cos_shard__a_source_target,0.9971996545791626
ed2d9e838931,cnn,0.0,begin,0.1,identity,,,,assertions,flip_mass_gap_rel_max__a_source_target,0.0
4b9646f5387b,cnn,0.0,begin,0.1,identity,,,,E1,relerr_calib__b_other_pair,9.136931419372559
4b9646f5387b,cnn,0.0,begin,0.1,identity,,,,E1,cos_calib__b_other_pair,0.9899916052818298
4b9646f5387b,cnn,0.0,begin,0.1,identity,,,,E1,relerr_shard__b_other_pair,9.496013641357422
4b9646f5387b,cnn,0.0,begin,0.1,identity,,,,E1,cos_shard__b_other_pair,0.9957941174507141
ed2d9e838931,cnn,0.0,begin,0.1,identity,,,,assertions,flip_mass_gap_rel_max__b_other_pair,0.02600000000000005
4b9646f5387b,cnn,0.0,begin,0.1,identity,,,,E1,relerr_calib__c_uniform,18.753671646118164
4b9646f5387b,cnn,0.0,begin,0.1,identity,,,,E1,cos_calib__c_uniform,0.6765666604042053
4b9646f5387b,cnn,0.0,begin,0.1,identity,,,,E1,relerr_shard__c_uniform,12.971064567565918
4b9646f5387b,cnn,0.0,begin,0.1,identity,,,,E1,cos_shard__c_uniform,0.7490402460098267
ed2d9e838931,cnn,0.0,begin,0.1,identity,,,,assertions,flip_mass_gap_rel_max__c_uniform,0.02599999999999984
4b9646f5387b,cnn,0.0,begin,0.1,identity,,,,E1,relerr_calib__d_qp,8.949532508850098
4b9646f5387b,cnn,0.0,begin,0.1,identity,,,,E1,cos_calib__d_qp,0.9992181658744812
4b9646f5387b,cnn,0.0,begin,0.1,identity,,,,E1,relerr_shard__d_qp,8.843173027038574
4b9646f5387b,cnn,0.0,begin,0.1,identity,,,,E1,cos_shard__d_qp,0.9996111392974854
ed2d9e838931,cnn,0.0,begin,0.1,identity,,,,assertions,flip_mass_gap_rel_max__d_qp,0.03399778760476778
4b9646f5387b,cnn,0.0,begin,0.1,identity,,,,E1,relerr_calib__e_random1,15.822822570800781
4b9646f5387b,cnn,0.0,begin,0.1,identity,,,,E1,cos_calib__e_random1,0.7815728783607483
4b9646f5387b,cnn,0.0,begin,0.1,identity,,,,E1,relerr_shard__e_random1,14.288335800170898
4b9646f5387b,cnn,0.0,begin,0.1,identity,,,,E1,cos_shard__e_random1,0.8882938623428345
ed2d9e838931,cnn,0.0,begin,0.1,identity,,,,assertions,flip_mass_gap_rel_max__e_random1,0.30909524489488477
4b9646f5387b,cnn,0.0,begin,0.1,identity,,,,E1,relerr_calib__f_random2,8.557503700256348
4b9646f5387b,cnn,0.0,begin,0.1,identity,,,,E1,cos_calib__f_random2,0.6746984720230103
4b9646f5387b,cnn,0.0,begin,0.1,identity,,,,E1,relerr_shard__f_random2,10.704485893249512
4b9646f5387b,cnn,0.0,begin,0.1,identity,,,,E1,cos_shard__f_random2,0.8749245405197144
ed2d9e838931,cnn,0.0,begin,0.1,identity,,,,assertions,flip_mass_gap_rel_max__f_random2,0.2547108224998973
09d5ba89b67a,cnn,,mid,,identity,,,,E2,eigval_Q_p0,0.0
09d5ba89b67a,cnn,,mid,,identity,,,,E2,eigval_Q_p10,0.0
09d5ba89b67a,cnn,,mid,,identity,,,,E2,eigval_Q_p20,0.0007425679019940636
09d5ba89b67a,cnn,,mid,,identity,,,,E2,eigval_Q_p30,0.014522010571828937
09d5ba89b67a,cnn,,mid,,identity,,,,E2,eigval_Q_p40,0.04661620560922618
09d5ba89b67a,cnn,,mid,,identity,,,,E2,eigval_Q_p50,0.13079539570967386
09d5ba89b67a,cnn,,mid,,identity,,,,E2,eigval_Q_p60,0.2801167060989793
09d5ba89b67a,cnn,,mid,,identity,,,,E2,eigval_Q_p70,0.7600505677780568
09d5ba89b67a,cnn,,mid,,identity,,,,E2,eigval_Q_p80,2.9676764618606697
09d5ba89b67a,cnn,,mid,,identity,,,,E2,eigval_Q_p90,13.709841741333811
09d5ba89b67a,cnn,,mid,,identity,,,,E2,eigval_Q_p100,1228.0555238580746
34972dfb1688,cnn,,mid,0.01,identity,,,,E2,varsigma,9.034809982313458
34972dfb1688,cnn,,mid,0.01,identity,,,,E2,rho,0.09034809982313459
34972dfb1688,cnn,,mid,0.01,identity,,,,E2,radius_upper,0.09034809982313459
34972dfb1688,cnn,,mid,0.01,identity,,,,E2,radius_lower_simple,0.09034809982313459
34972dfb1688,cnn,,mid,0.01,identity,,,,E2,radius_lower_ascent,0.09034809982313459
34972dfb1688,cnn,,mid,0.01,identity,,,,E2,v_norm,0.526739239692688
34972dfb1688,cnn,,mid,0.01,identity,,,,E2,v_hat,5.830108665526254
34972dfb1688,cnn,,mid,0.01,identity,,,,E2,varpi,1.0014059254648877
34972dfb1688,cnn,,mid,0.01,identity,,,,E2,baseline,7.370618472750661e-06
34972dfb1688,cnn,,mid,0.01,identity,,,,E2,alpha_tilde_star,0.9990776011137924
34972dfb1688,cnn,,mid,0.01,identity,,,,E2,sqrt_varpi,1.0007027158276767
34972dfb1688,cnn,,mid,0.01,identity,,,,E2,grad_c_norm,4.361416339874268
34972dfb1688,cnn,,mid,0.01,identity,,,,E2,Theta_rad,0.020716793763470596
34972dfb1688,cnn,,mid,0.01,identity,,,,E2,angle_gp_gc_deg,4.809253155920102
34972dfb1688,cnn,,mid,0.01,identity,,,,E2,cos_gp_gc,0.996479332447052
34972dfb1688,cnn,,mid,0.01,identity,,,,E2,s_beta,0.33333333333333337
7dad56c68119,cnn,,mid,0.03,identity,,,,E2,varsigma,9.034809982313458
7dad56c68119,cnn,,mid,0.03,identity,,,,E2,rho,0.2710442994694037
7dad56c68119,cnn,,mid,0.03,identity,,,,E2,radius_upper,0.2710442994694037
7dad56c68119,cnn,,mid,0.03,identity,,,,E2,radius_lower_simple,0.2710442994694037
7dad56c68119,cnn,,mid,0.03,identity,,,,E2,radius_lower_ascent,0.2710442994694037
7dad56c68119,cnn,,mid,0.03,identity,,,,E2,v_norm,1.5802503824234009
7dad56c68119,cnn,,mid,0.03,identity,,,,E2,v_hat,5.830229174776591
7dad56c68119,cnn,,mid,0.03,identity,,,,E2,varpi,1.0015315297445875
7dad56c68119,cnn,,mid,0.03,identity,,,,E2,baseline,7.370618472750661e-06
7dad56c68119,cnn,,mid,0.03,identity,,,,E2,alpha_tilde_star,0.999036492744355
7dad56c68119,cnn,,mid,0.03,identity,,,,E2,sqrt_varpi,1.0007654718986798
7dad56c68119,cnn,,mid,0.03,identity,,,,E2,grad_c_norm,4.361416339874268
7dad56c68119,cnn,,mid,0.03,identity,,,,E2,Theta_rad,0.062186007876787304
7dad56c68119,cnn,,mid,0.03,identity,,,,E2,angle_gp_gc_deg,17.958395551663276
7dad56c68119,cnn,,mid,0.03,identity,,,,E2,cos_gp_gc,0.9512806534767151
7dad56c68119,cnn,,mid,0.03,identity,,,,E2,s_beta,1.0
668bcc6643e7,cnn,,mid,0.1,identity,,,,E2,varsigma,9.034809982313458
668bcc6643e7,cnn,,mid,0.1,identity,,,,E2,rho,0.9034809982313459
668bcc6643e7,cnn,,mid,0.1,identity,,,,E2,radius_upper,0.9034809982313459
668bcc6643e7,cnn,,mid,0.1,identity,,,,E2,radius_lower_simple,0.2710442994694037
668bcc6643e7,cnn,,mid,0.1,identity,,,,E2,radius_lower_ascent,0.6742653392141944
668bcc6643e7,cnn,,mid,0.1,identity,,,,E2,v_norm,5.267736911773682
668bcc6643e7,cnn,,mid,0.1,identity,,,,E2,v_hat,5.830489984942464
668bcc6643e7,cnn,,mid,0.1,identity,,,,E2,varpi,1.0019472816753237
668bcc6643e7,cnn,,mid,0.1,identity,,,,E2,baseline,7.370618472750661e-06
668bcc6643e7,cnn,,mid,0.1,identity,,,,E2,alpha_tilde_star,0.9989542245572445
668bcc6643e7,cnn,,mid,0.1,identity,,,,E2,sqrt_varpi,1.0009731673103548
668bcc6643e7,cnn,,mid,0.1,identity,,,,E2,grad_c_norm,4.361416339874268
668bcc6643e7,cnn,,mid,0.1,identity,,,,E2,Theta_rad,0.1552203386871833
668bcc6643e7,cnn,,mid,0.1,identity,,,,E2,angle_gp_gc_deg,84.04771927227299
668bcc6643e7,cnn,,mid,0.1,identity,,,,E2,cos_gp_gc,0.10370013117790222
668bcc6643e7,cnn,,mid,0.1,identity,,,,E2,s_beta,3.3333333333333335
49670c421c89,cnn,,mid,0.1,identity,,,,E3,a_over_rho2,26.34637472562804
49670c421c89,cnn,,mid,0.1,identity,,,,E3,l1_u_star,0.10000040874951271
49670c421c89,cnn,,mid,0.1,identity,,,,E3,l1_over_beta,1.000004087495127
49670c421c89,cnn,,mid,0.1,identity,,,,E3,u_star_top1_y9_z5,0.03000042206949134
49670c421c89,cnn,,mid,0.1,identity,,,,E3,u_star_top2_y1_z4,0.029999798212126554
49670c421c89,cnn,,mid,0.1,identity,,,,E3,u_star_top3_y8_z4,0.029999723153204753
49670c421c89,cnn,,mid,0.1,identity,,,,E3,u_star_top4_y0_z4,0.00999999073942501
49670c421c89,cnn,,mid,0.1,identity,,,,E3,u_star_top5_y8_z0,5.8325537552527926e-08
48b98d3d3afb,cnn,0.0,mid,0.1,identity,,,,E1,relerr_calib__a_source_target,9.376459121704102
48b98d3d3afb,cnn,0.0,mid,0.1,identity,,,,E1,cos_calib__a_source_target,0.9976049065589905
48b98d3d3afb,cnn,0.0,mid,0.1,identity,,,,E1,relerr_shard__a_source_target,9.239501953125
48b98d3d3afb,cnn,0.0,mid,0.1,identity,,,,E1,cos_shard__a_source_target,0.9988882541656494
10bde6f6809b,cnn,0.0,mid,0.1,identity,,,,assertions,flip_mass_gap_rel_max__a_source_target,0.0
48b98d3d3afb,cnn,0.0,mid,0.1,identity,,,,E1,relerr_calib__b_other_pair,9.275973320007324
48b98d3d3afb,cnn,0.0,mid,0.1,identity,,,,E1,cos_calib__b_other_pair,0.9847408533096313
48b98d3d3afb,cnn,0.0,mid,0.1,identity,,,,E1,relerr_shard__b_other_pair,9.18169116973877
48b98d3d3afb,cnn,0.0,mid,0.1,identity,,,,E1,cos_shard__b_other_pair,0.9938569664955139
10bde6f6809b,cnn,0.0,mid,0.1,identity,,,,assertions,flip_mass_gap_rel_max__b_other_pair,0.02600000000000005
48b98d3d3afb,cnn,0.0,mid,0.1,identity,,,,E1,relerr_calib__c_uniform,9.005435943603516
48b98d3d3afb,cnn,0.0,mid,0.1,identity,,,,E1,cos_calib__c_uniform,0.9924339056015015
48b98d3d3afb,cnn,0.0,mid,0.1,identity,,,,E1,relerr_shard__c_uniform,9.044808387756348
48b98d3d3afb,cnn,0.0,mid,0.1,identity,,,,E1,cos_shard__c_uniform,0.9939642548561096
10bde6f6809b,cnn,0.0,mid,0.1,identity,,,,assertions,flip_mass_gap_rel_max__c_uniform,0.02599999999999984
48b98d3d3afb,cnn,0.0,mid,0.1,identity,,,,E1,relerr_calib__d_qp,9.061104774475098
48b98d3d3afb,cnn,0.0,mid,0.1,identity,,,,E1,cos_calib__d_qp,0.9998305439949036
48b98d3d3afb,cnn,0.0,mid,0.1,identity,,,,E1,relerr_shard__d_qp,9.106879234313965
48b98d3d3afb,cnn,0.0,mid,0.1,identity,,,,E1,cos_shard__d_qp,1.0001161098480225
10bde6f6809b,cnn,0.0,mid,0.1,identity,,,,assertions,flip_mass_gap_rel_max__d_qp,0.03599110390755097
48b98d3d3afb,cnn,0.0,mid,0.1,identity,,,,E1,relerr_calib__e_random1,9.120203018188477
48b98d3d3afb,cnn,0.0,mid,0.1,identity,,,,E1,cos_calib__e_random1,0.9913704991340637
48b98d3d3afb,cnn,0.0,mid,0.1,identity,,,,E1,relerr_shard__e_random1,9.1725492477417
48b98d3d3afb,cnn,0.0,mid,0.1,identity,,,,E1,cos_shard__e_random1,0.9938661456108093
10bde6f6809b,cnn,0.0,mid,0.1,identity,,,,assertions,flip_mass_gap_rel_max__e_random1,0.30909524489488477
48b98d3d3afb,cnn,0.0,mid,0.1,identity,,,,E1,relerr_calib__f_random2,9.172048568725586
48b98d3d3afb,cnn,0.0,mid,0.1,identity,,,,E1,cos_calib__f_random2,0.9926673769950867
48b98d3d3afb,cnn,0.0,mid,0.1,identity,,,,E1,relerr_shard__f_random2,9.191591262817383
48b98d3d3afb,cnn,0.0,mid,0.1,identity,,,,E1,cos_shard__f_random2,0.9946123361587524
10bde6f6809b,cnn,0.0,mid,0.1,identity,,,,assertions,flip_mass_gap_rel_max__f_random2,0.2547108224998973
